{
  "morning_high_energy": {
    "behavioral": {
      "activity_level": 0.8,
      "social_engagement": 0.7,
      "sleep_quality": 0.9
    },
    "voice": {
      "speech_clarity": 0.85,
      "emotional_tone": 0.6,
      "speaking_rate": 0.7
    },
    "performance": {
      "response_time": 2.5,
      "accuracy": 0.9,
      "cognitive_load": 0.6
    },
    "temporal": {
      "time_of_day": "morning",
      "day_of_week": "monday"
    }
  },
  
  "afternoon_moderate_fatigue": {
    "behavioral": {
      "activity_level": 0.5,
      "social_engagement": 0.4,
      "sleep_quality": 0.6
    },
    "voice": {
      "speech_clarity": 0.7,
      "emotional_tone": -0.2,
      "speaking_rate": 0.5
    },
    "performance": {
      "response_time": 4.2,
      "accuracy": 0.7,
      "cognitive_load": 0.8
    },
    "temporal": {
      "time_of_day": "afternoon",
      "day_of_week": "wednesday"
    }
  },
  
  "evening_relaxed": {
    "behavioral": {
      "activity_level": 0.3,
      "social_engagement": 0.6,
      "sleep_quality": 0.7
    },
    "voice": {
      "speech_clarity": 0.8,
      "emotional_tone": 0.3,
      "speaking_rate": 0.4
    },
    "performance": {
      "response_time": 3.8,
      "accuracy": 0.75,
      "cognitive_load": 0.4
    },
    "temporal": {
      "time_of_day": "evening",
      "day_of_week": "friday"
    }
  },
  
  "weekend_social": {
    "behavioral": {
      "activity_level": 0.6,
      "social_engagement": 0.9,
      "sleep_quality": 0.8
    },
    "voice": {
      "speech_clarity": 0.9,
      "emotional_tone": 0.8,
      "speaking_rate": 0.8
    },
    "performance": {
      "response_time": 3.0,
      "accuracy": 0.85,
      "cognitive_load": 0.5
    },
    "temporal": {
      "time_of_day": "afternoon",
      "day_of_week": "saturday"
    }
  },
  
  "challenging_day": {
    "behavioral": {
      "activity_level": 0.2,
      "social_engagement": 0.3,
      "sleep_quality": 0.4
    },
    "voice": {
      "speech_clarity": 0.5,
      "emotional_tone": -0.6,
      "speaking_rate": 0.3
    },
    "performance": {
      "response_time": 6.5,
      "accuracy": 0.5,
      "cognitive_load": 0.9
    },
    "temporal": {
      "time_of_day": "morning",
      "day_of_week": "tuesday"
    }
  },
  
  "optimal_learning_state": {
    "behavioral": {
      "activity_level": 0.7,
      "social_engagement": 0.6,
      "sleep_quality": 0.8
    },
    "voice": {
      "speech_clarity": 0.9,
      "emotional_tone": 0.4,
      "speaking_rate": 0.6
    },
    "performance": {
      "response_time": 2.8,
      "accuracy": 0.85,
      "cognitive_load": 0.5
    },
    "temporal": {
      "time_of_day": "morning",
      "day_of_week": "thursday"
    }
  },
  
  "social_interaction_focused": {
    "behavioral": {
      "activity_level": 0.5,
      "social_engagement": 0.95,
      "sleep_quality": 0.7
    },
    "voice": {
      "speech_clarity": 0.8,
      "emotional_tone": 0.7,
      "speaking_rate": 0.8
    },
    "performance": {
      "response_time": 3.5,
      "accuracy": 0.8,
      "cognitive_load": 0.3
    },
    "temporal": {
      "time_of_day": "afternoon",
      "day_of_week": "sunday"
    }
  },
  
  "cognitive_challenge_ready": {
    "behavioral": {
      "activity_level": 0.75,
      "social_engagement": 0.5,
      "sleep_quality": 0.85
    },
    "voice": {
      "speech_clarity": 0.92,
      "emotional_tone": 0.2,
      "speaking_rate": 0.6
    },
    "performance": {
      "response_time": 2.2,
      "accuracy": 0.92,
      "cognitive_load": 0.7
    },
    "temporal": {
      "time_of_day": "morning",
      "day_of_week": "tuesday"
    }
  }
}
